{"sections":{"slideshow_7DR3qR":{"type":"slideshow","blocks":{"image_R84eRr":{"type":"image","settings":{"title":"Premium-Haustierprodukte für\n Glückliche Pfoten!","title_size":45,"subheading":"Von Haustieren geliebt, Ihnen vertraut","link":"shopify:\/\/collections\/all","link_text":"Jetzt einkaufen","text_align":"vertical-bottom horizontal-left","image":"shopify:\/\/shop_images\/view-cats-dogs-being-friends.jpg","parallax_direction":"top","overlay_opacity":0}},"image_Tddmq4":{"type":"image","settings":{"title":"Kaufen Sie noch\nheute Pet Perfection","title_size":80,"subheading":"Die besten Artikel auf ZuPet","link":"shopify:\/\/collections\/all","link_text":"Jetzt einkaufen","text_align":"vertical-bottom horizontal-left","image":"shopify:\/\/shop_images\/Untitled_design_17.png","parallax_direction":"top","overlay_opacity":0}},"image_U8e8jJ":{"type":"image","settings":{"title":"\"ZuPet –Verwöhne dein Haustier\"","title_size":50,"subheading":"","link":"shopify:\/\/collections\/all","link_text":"Jetzt kaufen","text_align":"vertical-bottom horizontal-left","image":"shopify:\/\/shop_images\/Luxury_Cat_Collars_By_Supakit_2.jpg","parallax_direction":"top","overlay_opacity":0}}},"block_order":["image_R84eRr","image_Tddmq4","image_U8e8jJ"],"name":"t:sections.slideshow.presets.hero_optional_slideshow.name","settings":{"section_height":"450px","mobile_height":"auto","parallax":true,"style":"arrows","autoplay":true,"autoplay_speed":5,"lazyload_images":true}},"usp_leiste_CMRrNY":{"type":"usp-leiste","blocks":{"item_DVUd7a":{"type":"item","settings":{"emoji":"🚚","title":"Schneller Versand – in 1–2 Tagen bei dir","subtitle":"","border":"#1b4b8f"}},"item_fjgRCd":{"type":"item","settings":{"emoji":"💛","title":"Von Tierhaltern empfohlen – nur geprüfte Qualität","subtitle":"Dein Tier spürt den Unterschied","border":"#ffb347"}},"item_K8Lmyp":{"type":"item","settings":{"emoji":"🔒","title":"Sichere Zahlung – PayPal, Klarna & mehr","subtitle":"","border":"#b9efd1"}}},"block_order":["item_DVUd7a","item_fjgRCd","item_K8Lmyp"],"name":"USP-Leiste","settings":{}},"rich_text_8E7KMF":{"type":"rich-text","blocks":{"text_mK3Rde":{"type":"text","settings":{"enlarge_text":true,"text":"<p><br\/>Bei <strong>ZuPet <\/strong>findest du liebevoll ausgewählte Produkte für Hunde & Katzen – stilvoll, hochwertig und blitzschnell geliefert.<br\/><br\/><\/p>"}}},"block_order":["text_mK3Rde"],"name":"t:sections.rich-text.presets.rich_text.name","settings":{"align_text":"center","narrow_column":true,"divider":false}},"text_columns_GXpYLm":{"type":"text-columns","blocks":{"text_block_bia3KW":{"type":"text_block","settings":{"enable_image":true,"image":"shopify:\/\/shop_images\/Untitled_design_18.png","image_mask":"none","image_width":650,"title":"Shop für Hunde","text":"<p><em>ZuPets Lieblingsprodukte für Hunde! <\/em>Von robustem Spielzeug bis zu gesunden Leckerlis – verwöhne deinen Hund mit tierärztlich empfohlenen Produkten. Denn jede Schwanzwedel verdient das Beste!<br\/><\/p>","button_label":"Hunde Shop entdecken","button_link":"shopify:\/\/pages\/liste-der-hundesammlungen"}},"text_block_8zCLkG":{"type":"text_block","settings":{"enable_image":true,"image":"shopify:\/\/shop_images\/Untitled_design_20.png","image_mask":"none","image_width":340,"title":"Shop für Katzen","text":"<p><em>ZuPet’s Traumprodukte für Katzen! <\/em>Von Federspielen bis Bio-Katzenminze – verwöhne deine Samtpfote mit sicheren, stylischen und unwiderstehlichen Produkten. Denn Majestät verlangt Qualität!<br\/><\/p>","button_label":"Katzen Shop entdecken","button_link":"shopify:\/\/pages\/liste-der-katzensammlungen"}}},"block_order":["text_block_bia3KW","text_block_8zCLkG"],"name":"t:sections.text-columns.presets.text_columns_with_images.name","settings":{"title":"Wähle deine Fellnase","align_text":"center","divider":false}},"featured-collection-switcher":{"type":"featured-collection-switcher","custom_css":["#CollectionSwitcher1-template--25222343950713__featured-collection-switcher {background-color: #e9e6db;}"],"settings":{"title":"Bestseller","collection1":"slow-feeder-lickmatten-fur-hunde-anti-schling-napfe","collection2":"hundebetten-hundekissen","per_row":3,"view_all":false,"divider":true}},"text_and_image_K3HNdH":{"type":"text-and-image","name":"t:sections.text-and-image.presets.image_with_text.name","settings":{"image":"shopify:\/\/shop_images\/2_ba5965a1-e1c0-40c4-8c82-2bb114ee1da6.jpg","image_mask":"none","image2":"shopify:\/\/shop_images\/Square_Images_for_Homepage_1080_x_1550_px_3.jpg","image2_mask":"none","subtitle":"","title":"Für glückliche Katzenmomente 🐾 – Spiel & Komfort vereint","text":"<p><br\/>Bei ZuPet findest du hochwertiges <strong>Katzenzubehör<\/strong> für jeden Tag: <strong>Kratzspielzeug für neugierige Pfoten, gemütliche Katzenbetten für erholsame Stunden und moderne Accessoires<\/strong>, die perfekt zu dir und deinem Stubentiger passen.<br\/><\/p>","button_label":"Alle Katzenprodukte ansehen","button_link":"shopify:\/\/pages\/cat","button_style":"primary","align_text":"left","image_width":"50","layout":"left","divider":false,"top_padding":true,"bottom_padding":true,"lazyload_images":true}},"collection-callout":{"type":"collection-callout","settings":{"collection":"futter-wassernapfe","subtitle":"","title":"Hundenäpfe & Katzennäpfe in Premium-Qualität 🥣","text":"Entdecke robuste Näpfe aus Edelstahl, Keramik & Kunststoff – spülmaschinengeeignet, rutschfest und langlebig. Für Hunde & Katzen, die nicht nur satt, sondern auch glücklich sein sollen.","cta_text1":"Alle Näpfe ansehen","cta_link1":"shopify:\/\/collections\/futter-wassernapfe","cta_text2":"","cta_link2":"","layout":"right","divider":false}},"featured_collection_DADENH":{"type":"featured-collection","name":"t:sections.featured-collection.presets.featured_collection.name","settings":{"title":"Hundebetten & Kissen – Komfort für deinen Liebling","home_featured_products":"intelligenz-spielzeug","per_row":3,"rows":1,"view_all":true,"divider":false}},"testimonials_WqA6DB":{"type":"testimonials","blocks":{"testimonial_awVV3J":{"type":"testimonial","settings":{"icon":"5-stars","testimonial":"<p><em>einfach nur \"wow\"...<\/em><\/p><p><em>Ich bin absolut begeistert! Der Versand war blitzschnell – ich habe in der Nacht von Donnerstag auf Freitag bestellt und schon am Samstag war das Hundebett da. Wirklich ein toller Service! Das Bettchen selbst ist ebenfalls wunderbar: super verarbeitet, sehr bequem und mein Hund liebt es. Er schläft und liegt unglaublich gerne darauf. Rundum perfekt – jederzeit wieder!<\/em><\/p>","image":"shopify:\/\/shop_images\/1756885763__9811__original.jpg","author":"Anita","author_info":""}},"testimonial_RynKFm":{"type":"testimonial","settings":{"icon":"5-stars","testimonial":"<p><em>Die Keramikschalen sind ein Traum! Leicht zu reinigen, und das Design passt perfekt in unsere Küche. Unser Freigänger trinkt jetzt mehr Wasser – wohl wegen der optimalen Schalenhöhe.<\/em><\/p>","author":"Tom K.","author_info":""}},"testimonial_4LLqCN":{"type":"testimonial","settings":{"icon":"5-stars","testimonial":"<p><em>Tolle Qualität, mein Maine Coon Kater liebt es. Super stabil und rutschsicher. sehr zufrieden!<\/em><\/p>","author":"Sophie R.","author_info":""}},"testimonial_6PiP76":{"type":"testimonial","settings":{"icon":"5-stars","testimonial":"<p><em>Unser Katze ist verrückt nach dem neuen Futternapf! Das Silikon lässt sich sogar falten – ideal für Reisen. Schnelle Lieferung und süßes Dankeschön-Geschenk dabei!<\/em><\/p>","author":"Anika & Felix","author_info":""}},"testimonial_e7rzD4":{"type":"testimonial","settings":{"icon":"5-stars","testimonial":"<p>Habe 2 gekauft, eins für das Futter das andere fürs Wasser. Kann ich sehr empfehlen, da das Futter und das Wasser selbst nach fällt - fließt. 😃<\/p>","author":"Tanja","author_info":""}}},"block_order":["testimonial_awVV3J","testimonial_RynKFm","testimonial_4LLqCN","testimonial_6PiP76","testimonial_e7rzD4"],"name":"t:sections.testimonials.presets.customer_testimonials.name","settings":{"title":"Bewertungen","round_images":true,"color_background":"#f9f9f9","color_text":"#132e72"}},"faq_HeXwUa":{"type":"faq","blocks":{"question_4gbdLH":{"type":"question","settings":{"title":"📦 Wann wird meine Bestellung versendet?","text":"<p><br\/>Alle Bestellungen werden blitzschnell bearbeitet 🚀.<br\/>Innerhalb von 24 Stunden übergeben wir dein Paket an DHL oder DPD.<br\/>Lieferzeit: 1–3 Werktage (innerhalb Deutschlands).<br\/>Sobald dein Paket unterwegs ist, bekommst du automatisch eine Mail mit Sendungsverfolgung.<br\/><br\/><br\/><\/p>"}},"question_MHny8f":{"type":"question","settings":{"title":"🛠️ Mein Produkt ist beschädigt angekommen – was jetzt?","text":"<p>Oh nein! 😔 Bitte sende uns ein Foto des beschädigten Artikels an ✉️ info@zupet.de.<br\/>Wir kümmern uns schnell und unkompliziert:<br\/>🔹 Kleine Artikel → direkter Ersatz, keine Rücksendung notwendig<br\/>🔹 Große Artikel (z. B. 🐾 Kratzbäume) → wir schicken passende Ersatzteile<br\/>📦 In der Regel musst du nichts zurücksenden.<\/p>"}},"question_ztwXGT":{"type":"question","settings":{"title":"🔄 Ich möchte meine Bestellung zurückgeben – wie funktioniert das?","text":"<p>Kein Problem! ✅ Du kannst deine Bestellung innerhalb von 14 Tagen widerrufen.<br\/>Bitte achte darauf, dass die Ware:<br\/><br\/>    📌 Unbenutzt<br\/><br\/>    📌 Originalverpackt ist<br\/><br\/>So funktioniert die Rückgabe:<br\/>1️⃣ Rücksendung ausreichend frankieren<br\/>2️⃣ An unsere Rücksendeadresse schicken<br\/>3️⃣ Wir prüfen die Ware und erstatten dir den Warenwert<br\/><br\/>❗ Unfreie Rücksendungen werden mit dem Nachporto verrechnet. Versandkosten erstatten wir nicht.<\/p>"}},"question_eiMBTD":{"type":"question","settings":{"title":"🚫 Mein Paket konnte nicht zugestellt werden oder wurde abgelehnt","text":"<p>Wenn dein Paket nicht zugestellt werden kann oder die Annahme verweigert wurde, wird es automatisch an uns zurückgesendet.<br\/>📬 Wir informieren dich und erstatten dir nach Eingang den Warenwert.<br\/>🔍 Bitte prüfe bei der Bestellung sorgfältig deine Lieferadresse.<\/p>"}},"question_MJAGmc":{"type":"question","settings":{"title":"💰 Welche Kosten fallen bei Rücksendungen an?","text":"<p>Bei Rücksendungen wegen:<br\/><br\/>    ❌ falscher Adresse<br\/><br\/>    📦 nicht abgeholtem Paket<br\/><br\/>    🔁 Widerruf<br\/><br\/>… berechnen wir eine Bearbeitungspauschale von 5 €, die vom Erstattungsbetrag abgezogen wird.<br\/><br\/>📩 Noch Fragen?<br\/>Unser Kundenservice hilft dir gerne weiter: info@zupet.de<\/p>"}}},"block_order":["question_4gbdLH","question_MHny8f","question_ztwXGT","question_eiMBTD","question_MJAGmc"],"name":"t:sections.faq.presets.faq.name","settings":{"title":"FAQs"}},"newsletter_Et7Yyx":{"type":"newsletter","blocks":{"title_QUqP7r":{"type":"title","settings":{"title":"Werde Teil der ZuPet-Community","heading_size":"h2"}},"text_pdtGKh":{"type":"text","settings":{"text":"<p><br\/>✔ Exklusive Rabatte, ✔ Gewinnspiele, ✔ Neuheiten zuerst<br\/><br\/><\/p>"}},"form_BLU3pW":{"type":"form","settings":{}}},"block_order":["title_QUqP7r","text_pdtGKh","form_BLU3pW"],"custom_css":[],"name":"t:sections.newsletter.presets.email_signup.name","settings":{"align_text":"center","image":"shopify:\/\/shop_images\/Untitled_design_23.png","image_width":"33","image_mask":"none","image_position":"right","color_background":"#f9f9f9","color_text":"#1c1d1d","top_padding":true,"bottom_padding":true}}},"order":["slideshow_7DR3qR","usp_leiste_CMRrNY","rich_text_8E7KMF","text_columns_GXpYLm","featured-collection-switcher","text_and_image_K3HNdH","collection-callout","featured_collection_DADENH","testimonials_WqA6DB","faq_HeXwUa","newsletter_Et7Yyx"]}