{"sections":{"main":{"type":"main-page","disabled":true,"settings":{}},"rich_text_qaETkV":{"type":"rich-text","blocks":{"heading_8FMHdP":{"type":"heading","settings":{"title":"Liste der Hundesammlungen"}}},"block_order":["heading_8FMHdP"],"name":"t:sections.rich-text.presets.rich_text.name","settings":{"align_text":"center","narrow_column":true,"divider":false}},"featured_collections_g4bMq9":{"type":"featured-collections","blocks":{"collection_A9R9tR":{"type":"collection","settings":{"collection":"futter-wassernapfe","focal_point":"center center","size":"square-small"}},"collection_VDEcXy":{"type":"collection","settings":{"collection":"futter-und-snackdosen","focal_point":"center center","size":"square-small"}},"collection_dhm73m":{"type":"collection","settings":{"collection":"napfstander","focal_point":"center center","size":"square-small"}},"collection_BWp9i6":{"type":"collection","settings":{"collection":"reisenapfe","focal_point":"center center","size":"square-small"}},"collection_aeCeT7":{"type":"collection","settings":{"collection":"funspielzeuge","focal_point":"center center","size":"square-small"}},"collection_A7KNkf":{"type":"collection","settings":{"collection":"hundeballe","focal_point":"center center","size":"square-small"}},"collection_CtJyUg":{"type":"collection","settings":{"collection":"hunde-wurfspielzug","focal_point":"center center","size":"square-small"}},"collection_RnMcpR":{"type":"collection","settings":{"collection":"intelligenz-spielzeug","focal_point":"center center","size":"square-small"}},"collection_pJnxCg":{"type":"collection","settings":{"collection":"leuchtspielzeug","focal_point":"center center","size":"square-small"}},"collection_LMzcyF":{"type":"collection","settings":{"collection":"hundebetten-hundekissen","focal_point":"center center","size":"square-small"}},"collection_P9JYgh":{"type":"collection","settings":{"collection":"kuhlmatten","focal_point":"center center","size":"square-small"}},"collection_gRGdHK":{"type":"collection","settings":{"collection":"liegedecken","focal_point":"center center","size":"square-small"}},"collection_j78rwr":{"type":"collection","settings":{"collection":"liegehohlen","focal_point":"center center","size":"square-small"}},"collection_Df4HP3":{"type":"collection","settings":{"collection":"erziehungs-hilfen","focal_point":"center center","size":"square-small"}},"collection_aEDHkY":{"type":"collection","settings":{"collection":"halsbander-lederhalsbander","focal_point":"center center","size":"square-small"}}},"block_order":["collection_A9R9tR","collection_VDEcXy","collection_dhm73m","collection_BWp9i6","collection_aeCeT7","collection_A7KNkf","collection_CtJyUg","collection_RnMcpR","collection_pJnxCg","collection_LMzcyF","collection_P9JYgh","collection_gRGdHK","collection_j78rwr","collection_Df4HP3","collection_aEDHkY"],"name":"t:sections.featured-collections.presets.collection_list.name","settings":{"title":"","divider":false,"enable_gutter":true}},"featured_collections_gxB94V":{"type":"featured-collections","blocks":{"collection_78FD43":{"type":"collection","settings":{"collection":"nylonhalsbander","focal_point":"center center","size":"square-small"}},"collection_8JJACt":{"type":"collection","settings":{"collection":"hundeadressanhanger-blinker","focal_point":"center center","size":"square-small"}},"collection_cNNBJx":{"type":"collection","settings":{"collection":"hundegeschirre","focal_point":"center center","size":"square-small"}},"collection_RbkjXm":{"type":"collection","settings":{"collection":"leinen","focal_point":"center center","size":"square-small"}},"collection_f34xdm":{"type":"collection","settings":{"collection":"maulkorbe","focal_point":"center center","size":"square-small"}},"collection_nxNEgA":{"type":"collection","settings":{"collection":"reflektierend","focal_point":"center center","size":"square-small"}},"collection_cDQcBq":{"type":"collection","settings":{"collection":"auto-zubehor","focal_point":"center center","size":"square-small"}},"collection_mL9h99":{"type":"collection","settings":{"collection":"falthutten","focal_point":"center center","size":"square-small"}},"collection_bkgnxp":{"type":"collection","settings":{"collection":"rad-jogginszubehor","focal_point":"center center","size":"square-small"}},"collection_eLN9Ch":{"type":"collection","settings":{"collection":"trolleys-buggeys","focal_point":"center center","size":"square-small"}},"collection_CVL7XL":{"type":"collection","settings":{"collection":"gurt-futtertaschen","focal_point":"center center","size":"square-small"}},"collection_czUkY6":{"type":"collection","settings":{"collection":"kotbeutel-zubehor","focal_point":"center center","size":"square-small"}},"collection_KCVtbh":{"type":"collection","settings":{"collection":"sicherheit","focal_point":"center center","size":"square-small"}},"collection_qKwiqA":{"type":"collection","settings":{"collection":"pfeifen","focal_point":"center center","size":"square-small"}},"collection_gazBcV":{"type":"collection","settings":{"collection":"training","focal_point":"center center","size":"square-small"}}},"block_order":["collection_78FD43","collection_8JJACt","collection_cNNBJx","collection_RbkjXm","collection_f34xdm","collection_nxNEgA","collection_cDQcBq","collection_mL9h99","collection_bkgnxp","collection_eLN9Ch","collection_CVL7XL","collection_czUkY6","collection_KCVtbh","collection_qKwiqA","collection_gazBcV"],"name":"t:sections.featured-collections.presets.collection_list.name","settings":{"title":"","divider":false,"enable_gutter":true}},"featured_collections_ceRLXB":{"type":"featured-collections","blocks":{"collection_HQVyBm":{"type":"collection","settings":{"collection":"trainings-zubehor","focal_point":"center center","size":"square-small"}},"collection_9ByPVj":{"type":"collection","settings":{"collection":"welpen-erziehung","focal_point":"center center","size":"square-small"}},"collection_xNrjwG":{"type":"collection","settings":{"collection":"haus-hof","focal_point":"center center","size":"square-small"}},"collection_fxGV3k":{"type":"collection","settings":{"collection":"neue-hundeartikel","focal_point":"center center","size":"square-small"}}},"block_order":["collection_HQVyBm","collection_9ByPVj","collection_xNrjwG","collection_fxGV3k"],"name":"t:sections.featured-collections.presets.collection_list.name","settings":{"title":"","divider":false,"enable_gutter":true}}},"order":["main","rich_text_qaETkV","featured_collections_g4bMq9","featured_collections_gxB94V","featured_collections_ceRLXB"]}