{"sections":{"main":{"type":"main-page","disabled":true,"settings":{}},"rich-text":{"type":"rich-text","blocks":{"heading":{"type":"heading","settings":{"title":"Kontakt"}},"text":{"type":"text","settings":{"enlarge_text":true,"text":"<p>Haben Sie Fragen zu unseren Produkten oder Ihrer Bestellung?<\/p><p>Unser Support-Team hilft Ihnen gerne weiter!<\/p><p><\/p><p>📩 Schreiben Sie uns über das Formular oder direkt per E-Mail:<\/p><p>info@zupet.de<\/p><p>⏰ Antwortzeit: in der Regel innerhalb von 24 Stunden.<\/p>"}}},"block_order":["heading","text"],"settings":{"align_text":"center","narrow_column":true,"divider":false}},"form":{"type":"contact-form","settings":{"title":"Kontaktieren Sie uns","text":"","show_phone":false,"narrow_column":true}}},"order":["main","rich-text","form"]}