{"sections":{"main":{"type":"main-page","disabled":true,"settings":{}},"rich_text_qaETkV":{"type":"rich-text","blocks":{"heading_8FMHdP":{"type":"heading","settings":{"title":"Liste der Katzenkategorien"}}},"block_order":["heading_8FMHdP"],"name":"t:sections.rich-text.presets.rich_text.name","settings":{"align_text":"center","narrow_column":true,"divider":false}},"featured_collections_LUKhez":{"type":"featured-collections","blocks":{"collection_6YgMLT":{"type":"collection","settings":{"collection":"futter-wassernapfe-1","focal_point":"center center","size":"square-small"}},"collection_ibCbFq":{"type":"collection","settings":{"collection":"katzentranken-trinkbrunnen-c","focal_point":"center center","size":"square-small"}},"collection_7tKkxr":{"type":"collection","settings":{"collection":"reisenapfe-c","focal_point":"center center","size":"square-small"}},"collection_Hm4y9p":{"type":"collection","settings":{"collection":"kratzbaume-bis-175cm","focal_point":"center center","size":"square-small"}},"collection_7FbfBn":{"type":"collection","settings":{"collection":"kratzbaume-bis-225cm-c","focal_point":"center center","size":"square-small"}},"collection_aXyJRM":{"type":"collection","settings":{"collection":"zubehor-fur-kratzbaume","focal_point":"center center","size":"square-small"}},"collection_dUmpDM":{"type":"collection","settings":{"collection":"katzenballe-c","focal_point":"center center","size":"square-small"}},"collection_ETkiPT":{"type":"collection","settings":{"collection":"katzenspielmausse-c","focal_point":"center center","size":"square-small"}},"collection_BMxegH":{"type":"collection","settings":{"collection":"hauser-hohlen-c","focal_point":"center center","size":"square-small"}},"collection_8bgNjp":{"type":"collection","settings":{"collection":"katzenkissen-c","focal_point":"center center","size":"square-small"}},"collection_pxANjD":{"type":"collection","settings":{"collection":"katzentunnel-raschelsacke-c","focal_point":"center center","size":"square-small"}},"collection_7P9QzG":{"type":"collection","settings":{"collection":"katzenstreu-c","focal_point":"center center","size":"square-small"}},"collection_tfFjAx":{"type":"collection","settings":{"collection":"katzentoiletten-c","focal_point":"center center","size":"square-small"}},"collection_MNWEcM":{"type":"collection","settings":{"collection":"toiletten-zubehor-c","focal_point":"center center","size":"square-small"}},"collection_mCFcjb":{"type":"collection","settings":{"collection":"autozubehor-c","focal_point":"center center","size":"square-small"}}},"block_order":["collection_6YgMLT","collection_ibCbFq","collection_7tKkxr","collection_Hm4y9p","collection_7FbfBn","collection_aXyJRM","collection_dUmpDM","collection_ETkiPT","collection_BMxegH","collection_8bgNjp","collection_pxANjD","collection_7P9QzG","collection_tfFjAx","collection_MNWEcM","collection_mCFcjb"],"name":"t:sections.featured-collections.presets.collection_list.name","settings":{"title":"","divider":false,"enable_gutter":true}},"featured_collections_VNJDYC":{"type":"featured-collections","blocks":{"collection_BqAgni":{"type":"collection","settings":{"collection":"katzentragetaschen-c","focal_point":"center center","size":"square-small"}},"collection_ywn8bT":{"type":"collection","settings":{"collection":"katzentransportboxen-c","focal_point":"center center","size":"square-small"}},"collection_dTTN8a":{"type":"collection","settings":{"collection":"katzenhalsbander-geschirre-c","focal_point":"center center","size":"square-small"}},"collection_BTwhyC":{"type":"collection","settings":{"collection":"katzenklappen-c","focal_point":"center center","size":"square-small"}},"collection_iyGHqb":{"type":"collection","settings":{"collection":"schutznetze-gitte-c","focal_point":"center center","size":"square-small"}}},"block_order":["collection_BqAgni","collection_ywn8bT","collection_dTTN8a","collection_BTwhyC","collection_iyGHqb"],"name":"t:sections.featured-collections.presets.collection_list.name","settings":{"title":"","divider":false,"enable_gutter":true}}},"order":["main","rich_text_qaETkV","featured_collections_LUKhez","featured_collections_VNJDYC"]}