{
  "sections": {
    "main": {
      "type": "main-product",
      "blocks": {
        "price": {
          "type": "price",
          "settings": {}
        },
        "separator": {
          "type": "separator",
          "settings": {}
        },
        "variant_picker": {
          "type": "variant_picker",
          "settings": {
            "variant_labels": true,
            "picker_type": "button",
            "product_dynamic_variants_enable": true,
            "color_swatches": false
          }
        },
        "sales_point": {
          "type": "sales_point",
          "settings": {
            "icon": "globe",
            "text": "Blitzversand | 24H Support"
          }
        },
        "inventory_status": {
          "type": "inventory_status",
          "settings": {
            "inventory_threshold": 10,
            "inventory_transfers_enable": true
          }
        },
        "buy_buttons": {
          "type": "buy_buttons",
          "settings": {
            "show_dynamic_checkout": true,
            "surface_pickup_enable": false
          }
        },
        "description": {
          "type": "description",
          "settings": {
            "is_tab": false
          }
        },
        "tab": {
          "type": "tab",
          "settings": {
            "title": "Versandinformationen",
            "content": "<h4>Versandkosten & Verpackung</h4><p>Die nachfolgenden Kosten beinhalten das Verpacken, das Verpackungsmaterial sowie den <strong>versicherten Versand</strong> mit DPD oder DHL.</p><p>Deutschland 6.99 €</p><p><strong>Hinweis:</strong> Der Preis bezieht sich auf ein Maximalgewicht von 31,5 kg pro Paket.<br/>Sollten für eine Bestellung mehrere Pakete erforderlich sein, behalten wir uns vor, die zusätzlichen Versandkosten vor dem Versand anzufordern oder nachträglich zu berechnen.</p>",
            "page": ""
          }
        },
        "contact": {
          "type": "contact",
          "settings": {
            "title": "Eine Frage stellen",
            "phone": false
          }
        },
        "share": {
          "type": "share",
          "settings": {}
        }
      },
      "block_order": [
        "price",
        "separator",
        "variant_picker",
        "sales_point",
        "inventory_status",
        "buy_buttons",
        "description",
        "tab",
        "contact",
        "share"
      ],
      "settings": {
        "sku_enable": true,
        "image_size": "small",
        "product_zoom_enable": true,
        "thumbnail_position": "below",
        "thumbnail_height": "fixed",
        "thumbnail_arrows": true,
        "enable_video_looping": true,
        "product_video_style": "muted"
      }
    },
    "sub": {
      "type": "product-full-width",
      "disabled": true,
      "settings": {
        "max_width": true
      }
    },
    "background-image-text": {
      "type": "background-image-text",
      "settings": {
        "subtitle": "",
        "title": "Platzsparend – einfach praktisch",
        "text": "<p><em>Unsere stapelbaren Näpfe sparen Platz im Schrank oder Reisegepäck. Ideal für Reisen, Mehrkatzen-Haushalte oder kleine Wohnungen – denn Haustierzubehör muss nicht unordentlich sein!</em></p>",
        "button_label": "Buy",
        "button_link": "shopify://collections/all",
        "image": "shopify://shop_images/lovely-pet-portrait-isolated.webp",
        "layout": "left",
        "height": 650,
        "parallax": false,
        "parallax_direction": "top",
        "lazyload_images": true
      }
    },
    "text-and-image": {
      "type": "text-and-image",
      "settings": {
        "image": "shopify://shop_images/2_ba5965a1-e1c0-40c4-8c82-2bb114ee1da6.jpg",
        "image_mask": "none",
        "image2": "shopify://shop_images/4_fc3ec0c9-eb1c-44e5-ba19-5d7a5acb7ce9.jpg",
        "image2_mask": "none",
        "subtitle": "",
        "title": "Liebe zu deiner Katze, Respekt für die Erde",
        "text": "<p><em>Unsere stapelbaren Näpfe sparen Platz im Schrank oder Reisegepäck. Ideal für Reisen, Mehrkatzen-Haushalte oder kleine Wohnungen – denn Haustierzubehör muss nicht unordentlich sein!</em></p>",
        "button_label": "",
        "button_link": "",
        "button_style": "primary",
        "align_text": "left",
        "image_width": "50",
        "layout": "right",
        "divider": false,
        "top_padding": true,
        "bottom_padding": true,
        "lazyload_images": true
      }
    },
    "background_image_text_XGzHBR": {
      "type": "background-image-text",
      "name": "t:sections.background-image-text.presets.large_image_with_text_box.name",
      "settings": {
        "subtitle": "Impressive",
        "title": "Schluss mit verschüttetem Futter!",
        "text": "<p><em>Die rutschfeste Basis hält Näpfe sicher stehen – selbst für wildeste Fresser. Aus lebensmittelechtem Edelstahl, der Keime hemmt und sich leicht reinigen lässt. Denn dein Boden ist kein Futternapf!</em></p>",
        "button_label": "Buy",
        "button_link": "shopify://collections/all",
        "image": "shopify://shop_images/cute-animals-group-white-background_fc96e001-dd97-4316-be7c-70a415fb2824.jpg",
        "layout": "right",
        "height": 750,
        "parallax": false,
        "parallax_direction": "top",
        "lazyload_images": false
      }
    },
    "testimonials": {
      "type": "testimonials",
      "blocks": {
        "testimonials-0": {
          "type": "testimonial",
          "settings": {
            "icon": "5-stars",
            "testimonial": "<p>Add customer reviews and testimonials to showcase your store’s happy customers.</p>",
            "author": "Author name",
            "author_info": "Los Angeles, CA"
          }
        },
        "testimonials-1": {
          "type": "testimonial",
          "settings": {
            "icon": "5-stars",
            "testimonial": "<p>Add customer reviews and testimonials to showcase your store’s happy customers.</p>",
            "author": "Author name",
            "author_info": "Los Angeles, CA"
          }
        },
        "testimonials-2": {
          "type": "testimonial",
          "settings": {
            "icon": "5-stars",
            "testimonial": "<p>Add customer reviews and testimonials to showcase your store’s happy customers.</p>",
            "author": "Author name",
            "author_info": "Los Angeles, CA"
          }
        }
      },
      "block_order": [
        "testimonials-0",
        "testimonials-1",
        "testimonials-2"
      ],
      "disabled": true,
      "settings": {
        "title": "Don't take our word for it",
        "round_images": true,
        "color_background": "#f9f9f9",
        "color_text": "#1c1d1d"
      }
    },
    "1752747537d3c7ccbe": {
      "type": "apps",
      "blocks": {
        "judge_me_reviews_review_widget_jj7jNT": {
          "type": "shopify://apps/judge-me-reviews/blocks/review_widget/61ccd3b1-a9f2-4160-9fe9-4fec8413e5d8",
          "settings": {
            "review_data": "sample_data",
            "max_width": 1200
          }
        }
      },
      "block_order": [
        "judge_me_reviews_review_widget_jj7jNT"
      ],
      "settings": {
        "full_width": false,
        "space_around": true
      }
    },
    "product-recommendations": {
      "type": "product-recommendations",
      "settings": {
        "product_recommendations_heading": "Vielleicht gefällt es Ihnen auch",
        "related_count": 6,
        "products_per_row": 3
      }
    },
    "collection-return": {
      "type": "collection-return",
      "settings": {}
    },
    "newsletter_qny9Hx": {
      "type": "newsletter",
      "blocks": {
        "title_Ada3c9": {
          "type": "title",
          "settings": {
            "title": "Abonnieren Sie uns",
            "heading_size": "h2"
          }
        },
        "text_GieNp4": {
          "type": "text",
          "settings": {
            "text": "<p>Abonnieren Sie, um Sonderangebote, kostenlose Werbegeschenke und einmalige Angebote zu erhalten.</p>"
          }
        },
        "form_XpGagg": {
          "type": "form",
          "settings": {}
        }
      },
      "block_order": [
        "title_Ada3c9",
        "text_GieNp4",
        "form_XpGagg"
      ],
      "name": "t:sections.newsletter.presets.email_signup.name",
      "settings": {
        "align_text": "center",
        "image_width": "33",
        "image_mask": "none",
        "image_position": "right",
        "color_background": "#f9f9f9",
        "color_text": "#1c1d1d",
        "top_padding": true,
        "bottom_padding": true
      }
    }
  },
  "order": [
    "main",
    "sub",
    "background-image-text",
    "text-and-image",
    "background_image_text_XGzHBR",
    "testimonials",
    "1752747537d3c7ccbe",
    "product-recommendations",
    "collection-return",
    "newsletter_qny9Hx"
  ]
}