{"type":"footer","name":"t:sections.footer-group.name","sections":{"1757285234938f9d38":{"type":"apps","settings":{"full_width":false,"space_around":true}},"footer-promotions":{"type":"footer-promotions","blocks":{"footer-promotions0":{"type":"promotion","settings":{"enable_image":true,"image_mask":"none","image_width":650,"title":"Site-wide promotion","text":"<p>Use this section to promote content throughout every page of your site. Add images for further impact.<\/p>","button_label":"Optional button","button_link":""}},"footer-promotions1":{"type":"promotion","settings":{"enable_image":true,"image_mask":"none","image_width":650,"title":"Site-wide promotion","text":"<p>Use this section to promote content throughout every page of your site. Add images for further impact.<\/p>","button_label":"Optional button","button_link":""}},"footer-promotions2":{"type":"promotion","settings":{"enable_image":true,"image_mask":"none","image_width":650,"title":"Site-wide promotion","text":"<p>Use this section to promote content throughout every page of your site. Add images for further impact.<\/p>","button_label":"Optional button","button_link":""}}},"block_order":["footer-promotions0","footer-promotions1","footer-promotions2"],"disabled":true,"settings":{"hide_homepage":false,"image_size":"wide","align_text":"left"}},"footer":{"type":"footer","blocks":{"footer-3":{"type":"menu","settings":{"show_footer_title":true,"menu":"footer","container_width":20}},"footer-1":{"type":"menu","settings":{"show_footer_title":true,"menu":"main-menu","container_width":20}},"footer-2":{"type":"newsletter","settings":{"show_footer_title":true,"title":"Werde Teil der ZuPet-Community 🐾","richtext":"","container_width":33}},"footer-0":{"type":"logo_social","settings":{"logo":"shopify:\/\/shop_images\/IMG_9859-removebg-preview.png","desktop_logo_height":69,"container_width":53}}},"block_order":["footer-3","footer-1","footer-2","footer-0"],"custom_css":[".footer__social a svg {fill: #002f6c; \/* Dunkelblau von ZuPet *\/}",".footer__social a:hover svg {fill: #ffd700; \/* Gelb bei Hover *\/}"],"settings":{"show_locale_selector":true,"show_currency_selector":true,"show_currency_flags":true,"show_payment_icons":true,"colorize_payment_icons":true,"show_copyright":true,"copyright_text":""}}},"order":["1757285234938f9d38","footer-promotions","footer"]}