{"type":"header","name":"t:sections.header-group.name","sections":{"announcement-bar":{"type":"announcement-bar","settings":{"announcement_text":"Entdeckt jetzt tolle Angebote bei ZuPet","announcement_link":"","announcement_closable":false}},"header":{"type":"header","blocks":{"megamenu_bP8Rq3":{"type":"megamenu","settings":{"menu_item":"menu","promo_heading_1":"","promo_text_1":"","promo_url_1":"","promo_heading_2":"","promo_text_2":"","promo_url_2":""}}},"block_order":["megamenu_bP8Rq3"],"settings":{"logo":"shopify:\/\/shop_images\/IMG_9859-removebg-preview.png","desktop_logo_width":150,"mobile_logo_width":140,"main_menu_link_list":"main-menu","main_menu_alignment":"left-center","header_sticky":false,"sticky_index":false,"sticky_collection":false}}},"order":["announcement-bar","header"]}